{
    "element_0": {
        "id": 0,
        "length": 149.99632405369317,
        "width": 90.29277584399257
    },
    "element_1": {
        "id": 1,
        "length": 122.43407702409255,
        "width": 145.6368870295063
    },
    "element_2": {
        "id": 2,
        "length": 373.5969503502912,
        "width": 905.6531789519347
    },
    "element_3": {
        "id": 3,
        "length": 160.96986393308322,
        "width": 602.6716419130221
    },
    "element_4": {
        "id": 4,
        "length": 188.51095575429466,
        "width": 801.1385125687317
    },
    "element_5": {
        "id": 5,
        "length": 606.6023000246298,
        "width": 972.12258867895
    },
    "element_6": {
        "id": 6,
        "length": 803.8867056667643,
        "width": 296.1205980505494
    },
    "element_7": {
        "id": 7,
        "length": 246.2435893356407,
        "width": 465.40797937865625
    },
    "element_8": {
        "id": 8,
        "length": 494.5108817706463,
        "width": 257.1357367107598
    },
    "element_9": {
        "id": 9,
        "length": 725.7730237003307,
        "width": 442.76130095051474
    },
    "element_10": {
        "id": 10,
        "length": 95.60478869593399,
        "width": 722.2557166370651
    },
    "element_11": {
        "id": 11,
        "length": 111.32186615981647,
        "width": 894.7521042600125
    },
    "element_12": {
        "id": 12,
        "length": 348.7581443203834,
        "width": 736.3955991198151
    },
    "element_13": {
        "id": 13,
        "length": 799.8200259514708,
        "width": 462.990021766777
    },
    "element_14": {
        "id": 14,
        "length": 550.9950004154324,
        "width": 246.58740412934887
    },
    "element_15": {
        "id": 15,
        "length": 272.28731909739577,
        "width": 780.2666676587502
    },
    "element_16": {
        "id": 16,
        "length": 849.8721132276075,
        "width": 143.4431950654585
    },
    "element_17": {
        "id": 17,
        "length": 889.9914580007767,
        "width": 223.94488164688897
    },
    "element_18": {
        "id": 18,
        "length": 452.63379797339,
        "width": 344.6944045209538
    },
    "element_19": {
        "id": 19,
        "length": 313.95371110691457,
        "width": 716.9268756550675
    },
    "element_20": {
        "id": 20,
        "length": 946.7901289309976,
        "width": 406.82599426219474
    },
    "element_21": {
        "id": 21,
        "length": 888.3597523312743,
        "width": 122.02344738385122
    },
    "element_22": {
        "id": 22,
        "length": 930.0471092006725,
        "width": 533.4242189185896
    },
    "element_23": {
        "id": 23,
        "length": 772.2296041313115,
        "width": 859.007783998745
    },
    "element_24": {
        "id": 24,
        "length": 124.29732741783202,
        "width": 6.926852616464282
    },
    "element_25": {
        "id": 25,
        "length": 432.21504099597024,
        "width": 861.0645209825628
    },
    "element_26": {
        "id": 26,
        "length": 219.37890807292604,
        "width": 998.0021507811183
    },
    "element_27": {
        "id": 27,
        "length": 597.6262102634097,
        "width": 623.7433022765218
    },
    "element_28": {
        "id": 28,
        "length": 752.5282948974118,
        "width": 451.7899969109593
    },
    "element_29": {
        "id": 29,
        "length": 707.7414254636378,
        "width": 144.89185074516266
    },
    "element_30": {
        "id": 30,
        "length": 419.8887914245529,
        "width": 203.7141227870821
    },
    "element_31": {
        "id": 31,
        "length": 381.124825865619,
        "width": 779.378378405006
    },
    "element_32": {
        "id": 32,
        "length": 364.0924147771616,
        "width": 824.5188834961258
    },
    "element_33": {
        "id": 33,
        "length": 467.06655935605244,
        "width": 606.7174605712571
    },
    "element_34": {
        "id": 34,
        "length": 152.80593491464663,
        "width": 701.5966546854348
    },
    "element_35": {
        "id": 35,
        "length": 794.3682326061305,
        "width": 709.9851234794088
    },
    "element_36": {
        "id": 36,
        "length": 336.22574083314674,
        "width": 729.5543445336942
    },
    "element_37": {
        "id": 37,
        "length": 810.5237438214817,
        "width": 913.6509473713743
    },
    "element_38": {
        "id": 38,
        "length": 723.8167504214387,
        "width": 623.317678044655
    },
    "element_39": {
        "id": 39,
        "length": 930.8912420672252,
        "width": 882.1642659528758
    },
    "element_40": {
        "id": 40,
        "length": 762.1213856714942,
        "width": 246.89146883117047
    },
    "element_41": {
        "id": 41,
        "length": 568.7169745703824,
        "width": 176.31078760209175
    },
    "element_42": {
        "id": 42,
        "length": 693.213689853455,
        "width": 558.1819121957626
    },
    "element_43": {
        "id": 43,
        "length": 485.8549241936992,
        "width": 808.5028663686946
    },
    "element_44": {
        "id": 44,
        "length": 496.3409829766459,
        "width": 738.0442485919202
    },
    "element_45": {
        "id": 45,
        "length": 332.7282370788009,
        "width": 89.28362322154888
    },
    "element_46": {
        "id": 46,
        "length": 960.482465452026,
        "width": 809.9441572298264
    },
    "element_47": {
        "id": 47,
        "length": 970.4996887938935,
        "width": 35.40925736174023
    },
    "element_48": {
        "id": 48,
        "length": 629.9593838349207,
        "width": 607.3160892926678
    },
    "element_49": {
        "id": 49,
        "length": 463.5574517697779,
        "width": 466.9279625596793
    },
    "element_50": {
        "id": 50,
        "length": 761.8548859500553,
        "width": 244.86433999243533
    },
    "element_51": {
        "id": 51,
        "length": 408.2817975769863,
        "width": 941.6967579312293
    },
    "element_52": {
        "id": 52,
        "length": 909.8452423900053,
        "width": 351.68510236609353
    },
    "element_53": {
        "id": 53,
        "length": 639.6343284626057,
        "width": 72.76781237094409
    },
    "element_54": {
        "id": 54,
        "length": 194.10500292010352,
        "width": 200.1876614925894
    },
    "element_55": {
        "id": 55,
        "length": 185.40831963330314,
        "width": 396.0366726702149
    },
    "element_56": {
        "id": 56,
        "length": 844.2293310642594,
        "width": 513.3627319312791
    },
    "element_57": {
        "id": 57,
        "length": 758.9925542296285,
        "width": 904.4729817322329
    },
    "element_58": {
        "id": 58,
        "length": 152.6154912808831,
        "width": 188.98377842917392
    },
    "element_59": {
        "id": 59,
        "length": 21.235219488250234,
        "width": 528.1520728519816
    },
    "element_60": {
        "id": 60,
        "length": 503.4634862257453,
        "width": 374.8341216737174
    },
    "element_61": {
        "id": 61,
        "length": 265.44562605234137,
        "width": 360.17165592814354
    },
    "element_62": {
        "id": 62,
        "length": 811.4920848284266,
        "width": 359.0280918566628
    },
    "element_63": {
        "id": 63,
        "length": 230.74355342098167,
        "width": 187.37332408970283
    },
    "element_64": {
        "id": 64,
        "length": 270.62213618181767,
        "width": 490.9389889684035
    },
    "element_65": {
        "id": 65,
        "length": 210.85456633823293,
        "width": 916.5915865004154
    },
    "element_66": {
        "id": 66,
        "length": 23.25278979651771,
        "width": 938.159395747806
    },
    "element_67": {
        "id": 67,
        "length": 731.0586939154325,
        "width": 839.926492756151
    },
    "element_68": {
        "id": 68,